algorithm,n_weapons,n_targets,value,time_sec,iterations,extra,category,instance_id,instance_file
MMR_Original,20,20,213.05670954588982,0.00014410004951059818,20,,small_balanced,1,instance_001.json
MMR_Modified,20,20,204.8814220019591,0.000806800089776516,4,improvement_pct=3.8371,small_balanced,1,instance_001.json
GA_Original,20,20,198.29806845981602,5.000097499927506,14316,,small_balanced,1,instance_001.json
GA_Modified,20,20,206.08527225895972,5.000289200106636,10261,improvement_pct=3.2721,small_balanced,1,instance_001.json
MMR_Original,20,20,162.91553709695586,0.00014430005103349686,20,,small_balanced,2,instance_002.json
MMR_Modified,20,20,158.71033853533862,0.0006005000323057175,4,improvement_pct=2.5812,small_balanced,2,instance_002.json
GA_Original,20,20,161.52318642347709,5.000086100073531,14323,,small_balanced,2,instance_002.json
GA_Modified,20,20,158.71033853533856,5.000018700025976,10277,improvement_pct=2.5812,small_balanced,2,instance_002.json
MMR_Original,20,20,165.18944188496476,0.00014309980906546116,20,,small_balanced,3,instance_003.json
MMR_Modified,20,20,143.97668329217595,0.0008796998299658298,6,improvement_pct=12.8415,small_balanced,3,instance_003.json
GA_Original,20,20,145.9967583107138,5.000131099950522,14308,,small_balanced,3,instance_003.json
GA_Modified,20,20,145.17910792621907,5.0005156002007425,10365,improvement_pct=12.1136,small_balanced,3,instance_003.json
MMR_Original,20,20,117.09642613100642,0.00014079990796744823,20,,small_balanced,4,instance_004.json
MMR_Modified,20,20,117.09642613100642,0.0005532999057322741,2,improvement_pct=0.0000,small_balanced,4,instance_004.json
GA_Original,20,20,108.9375363750732,5.000200800132006,14297,,small_balanced,4,instance_004.json
GA_Modified,20,20,117.09642613100642,5.000028899870813,10262,improvement_pct=0.0000,small_balanced,4,instance_004.json
MMR_Original,20,20,174.82098862947086,0.0001417000312358141,20,,small_balanced,5,instance_005.json
MMR_Modified,20,20,158.403499070134,0.0005592999514192343,4,improvement_pct=9.3910,small_balanced,5,instance_005.json
GA_Original,20,20,142.81810303987777,5.00019589997828,14298,,small_balanced,5,instance_005.json
GA_Modified,20,20,153.86306502347188,5.000470000086352,10300,improvement_pct=11.9882,small_balanced,5,instance_005.json
MMR_Original,20,20,111.90920358207411,0.00014279992319643497,20,,small_balanced,6,instance_006.json
MMR_Modified,20,20,111.90920358207411,0.0005830998998135328,2,improvement_pct=0.0000,small_balanced,6,instance_006.json
GA_Original,20,20,107.74787173788631,5.000014699995518,14408,,small_balanced,6,instance_006.json
GA_Modified,20,20,110.86233081350055,5.000450599938631,10307,improvement_pct=0.9355,small_balanced,6,instance_006.json
MMR_Original,20,20,189.69221694819785,0.00014659995213150978,20,,small_balanced,7,instance_007.json
MMR_Modified,20,20,187.68015621584152,0.0006584001239389181,3,improvement_pct=1.0607,small_balanced,7,instance_007.json
GA_Original,20,20,187.01200203544684,5.000319699989632,14286,,small_balanced,7,instance_007.json
GA_Modified,20,20,187.6801562158415,5.000493300147355,10269,improvement_pct=1.0607,small_balanced,7,instance_007.json
MMR_Original,20,20,150.74331185517266,0.00014210003428161144,20,,small_balanced,8,instance_008.json
MMR_Modified,20,20,143.50038122989108,0.0005846999119967222,4,improvement_pct=4.8048,small_balanced,8,instance_008.json
GA_Original,20,20,137.08598119000345,5.000028799986467,14278,,small_balanced,8,instance_008.json
GA_Modified,20,20,144.80023471668827,5.000130899948999,10234,improvement_pct=3.9425,small_balanced,8,instance_008.json
MMR_Original,20,20,123.3454875646299,0.0001531001180410385,20,,small_balanced,9,instance_009.json
MMR_Modified,20,20,122.77524747526388,0.0006482999306172132,3,improvement_pct=0.4623,small_balanced,9,instance_009.json
GA_Original,20,20,120.35271041661035,5.000064500141889,14284,,small_balanced,9,instance_009.json
GA_Modified,20,20,118.42079907077442,5.000169700011611,10258,improvement_pct=3.9926,small_balanced,9,instance_009.json
MMR_Original,20,20,146.98052925921291,0.00014200014993548393,20,,small_balanced,10,instance_010.json
MMR_Modified,20,20,146.98052925921291,0.0005571001674979925,2,improvement_pct=0.0000,small_balanced,10,instance_010.json
GA_Original,20,20,137.1105823039448,5.000262300018221,14214,,small_balanced,10,instance_010.json
GA_Modified,20,20,141.57833012904905,5.000313900178298,10240,improvement_pct=3.6755,small_balanced,10,instance_010.json
MMR_Original,20,20,190.99506090374842,0.00014750007539987564,20,,small_balanced,11,instance_011.json
MMR_Modified,20,20,190.11656516745145,0.0005598999559879303,3,improvement_pct=0.4600,small_balanced,11,instance_011.json
GA_Original,20,20,190.64378799729738,5.000104800099507,14219,,small_balanced,11,instance_011.json
GA_Modified,20,20,190.11656516745148,5.000392300076783,10228,improvement_pct=0.4600,small_balanced,11,instance_011.json
MMR_Original,20,20,234.64664499126482,0.0001433000434190035,20,,small_balanced,12,instance_012.json
MMR_Modified,20,20,233.24161289858645,0.0007345001213252544,4,improvement_pct=0.5988,small_balanced,12,instance_012.json
GA_Original,20,20,216.25900908758445,5.00013680011034,14209,,small_balanced,12,instance_012.json
GA_Modified,20,20,227.29610403135635,5.000218600034714,10305,improvement_pct=3.1326,small_balanced,12,instance_012.json
MMR_Original,20,20,206.25302774654966,0.00014819996431469917,20,,small_balanced,13,instance_013.json
MMR_Modified,20,20,199.58002840478903,0.0007921999786049128,4,improvement_pct=3.2353,small_balanced,13,instance_013.json
GA_Original,20,20,184.47667516767868,5.000303199980408,14292,,small_balanced,13,instance_013.json
GA_Modified,20,20,199.58002840478903,5.000103699974716,10335,improvement_pct=3.2353,small_balanced,13,instance_013.json
MMR_Original,20,20,189.31990267432752,0.00015989993698894978,20,,small_balanced,14,instance_014.json
MMR_Modified,20,20,187.82496569827424,0.0007174999918788671,4,improvement_pct=0.7896,small_balanced,14,instance_014.json
GA_Original,20,20,176.25388984281742,5.0001483000814915,14282,,small_balanced,14,instance_014.json
GA_Modified,20,20,189.31990267432752,5.000090300105512,10328,improvement_pct=0.0000,small_balanced,14,instance_014.json
MMR_Original,20,20,201.60498447151826,0.00014379993081092834,20,,small_balanced,15,instance_015.json
MMR_Modified,20,20,199.04851123904263,0.000526099931448698,3,improvement_pct=1.2681,small_balanced,15,instance_015.json
GA_Original,20,20,194.88641998698958,5.000203100033104,14282,,small_balanced,15,instance_015.json
GA_Modified,20,20,199.30570399965794,5.00008329981938,10264,improvement_pct=1.1405,small_balanced,15,instance_015.json
MMR_Original,20,20,167.74370889554902,0.0001425999216735363,20,,small_balanced,16,instance_016.json
MMR_Modified,20,20,165.10022002235092,0.0006693999748677015,4,improvement_pct=1.5759,small_balanced,16,instance_016.json
GA_Original,20,20,162.00759558050618,5.0003686000127345,14216,,small_balanced,16,instance_016.json
GA_Modified,20,20,157.50245121205486,5.000195800093934,10215,improvement_pct=6.1053,small_balanced,16,instance_016.json
MMR_Original,20,20,203.36378848704373,0.00014149979688227177,20,,small_balanced,17,instance_017.json
MMR_Modified,20,20,199.15191440661704,0.0006027999334037304,4,improvement_pct=2.0711,small_balanced,17,instance_017.json
GA_Original,20,20,203.3281662284325,5.000117599964142,14275,,small_balanced,17,instance_017.json
GA_Modified,20,20,199.15191440661704,5.0004975001793355,10219,improvement_pct=2.0711,small_balanced,17,instance_017.json
MMR_Original,20,20,220.59393517456112,0.00014180014841258526,20,,small_balanced,18,instance_018.json
MMR_Modified,20,20,212.73365183414583,0.0006436000112444162,4,improvement_pct=3.5632,small_balanced,18,instance_018.json
GA_Original,20,20,206.81818489966028,5.00024599977769,14257,,small_balanced,18,instance_018.json
GA_Modified,20,20,200.04977160807294,5.000006000045687,10223,improvement_pct=9.3131,small_balanced,18,instance_018.json
MMR_Original,20,20,156.4216942429421,0.0001425000373274088,20,,small_balanced,19,instance_019.json
MMR_Modified,20,20,156.13581599666668,0.0005829001311212778,3,improvement_pct=0.1828,small_balanced,19,instance_019.json
GA_Original,20,20,141.50505416099165,5.000085799954832,14360,,small_balanced,19,instance_019.json
GA_Modified,20,20,156.4216942429421,5.000269399955869,10277,improvement_pct=0.0000,small_balanced,19,instance_019.json
MMR_Original,20,20,157.9606523734113,0.00014699995517730713,20,,small_balanced,20,instance_020.json
MMR_Modified,20,20,157.9606523734113,0.0005500998813658953,2,improvement_pct=0.0000,small_balanced,20,instance_020.json
GA_Original,20,20,148.3263568407878,5.000137800117955,14316,,small_balanced,20,instance_020.json
GA_Modified,20,20,157.9606523734113,5.000501499976963,10346,improvement_pct=0.0000,small_balanced,20,instance_020.json
MMR_Original,10,20,587.3558738802758,4.120008088648319e-05,10,,small_scarce,1,instance_001.json
MMR_Modified,10,20,587.3558738802758,0.0003106000367552042,2,improvement_pct=0.0000,small_scarce,1,instance_001.json
GA_Original,10,20,569.5895069801547,5.0000193999148905,18376,,small_scarce,1,instance_001.json
GA_Modified,10,20,569.5895069801547,5.000300800194964,11629,improvement_pct=3.0248,small_scarce,1,instance_001.json
MMR_Original,10,20,447.85221637693746,4.2400090023875237e-05,10,,small_scarce,2,instance_002.json
MMR_Modified,10,20,447.85221637693746,0.00018930016085505486,2,improvement_pct=0.0000,small_scarce,2,instance_002.json
GA_Original,10,20,447.85221637693746,5.0000490001402795,18466,,small_scarce,2,instance_002.json
GA_Modified,10,20,447.85221637693746,5.000150399981067,11606,improvement_pct=0.0000,small_scarce,2,instance_002.json
MMR_Original,10,20,554.0771019412281,4.169996827840805e-05,10,,small_scarce,3,instance_003.json
MMR_Modified,10,20,549.7455386839451,0.0002085000742226839,3,improvement_pct=0.7818,small_scarce,3,instance_003.json
GA_Original,10,20,537.2505523264991,5.000109400134534,18545,,small_scarce,3,instance_003.json
GA_Modified,10,20,545.0278684462285,5.000044099986553,11638,improvement_pct=1.6332,small_scarce,3,instance_003.json
MMR_Original,10,20,465.2860512817791,4.1999854147434235e-05,10,,small_scarce,4,instance_004.json
MMR_Modified,10,20,463.68451583596215,0.00028789998032152653,3,improvement_pct=0.3442,small_scarce,4,instance_004.json
GA_Original,10,20,463.76056227549225,5.000125699909404,18402,,small_scarce,4,instance_004.json
GA_Modified,10,20,463.6845158359622,5.000400299904868,11637,improvement_pct=0.3442,small_scarce,4,instance_004.json
MMR_Original,10,20,391.05899751111065,4.1499966755509377e-05,10,,small_scarce,5,instance_005.json
MMR_Modified,10,20,391.05899751111065,0.00018950016237795353,2,improvement_pct=0.0000,small_scarce,5,instance_005.json
GA_Original,10,20,387.07165138041006,5.0000694000627846,18412,,small_scarce,5,instance_005.json
GA_Modified,10,20,387.61077011531756,5.000156599795446,11653,improvement_pct=0.8818,small_scarce,5,instance_005.json
MMR_Original,10,20,480.8799478063001,4.259985871613026e-05,10,,small_scarce,6,instance_006.json
MMR_Modified,10,20,474.68388613624074,0.00026120012626051903,3,improvement_pct=1.2885,small_scarce,6,instance_006.json
GA_Original,10,20,468.10234734271774,5.000286499969661,18446,,small_scarce,6,instance_006.json
GA_Modified,10,20,470.4535552946535,5.000235799932852,11636,improvement_pct=2.1682,small_scarce,6,instance_006.json
MMR_Original,10,20,430.7357327064866,4.169996827840805e-05,10,,small_scarce,7,instance_007.json
MMR_Modified,10,20,418.98063721791993,0.0002536000683903694,3,improvement_pct=2.7291,small_scarce,7,instance_007.json
GA_Original,10,20,418.98063721792,5.00004870002158,18523,,small_scarce,7,instance_007.json
GA_Modified,10,20,418.98063721792,5.000291100004688,11630,improvement_pct=2.7291,small_scarce,7,instance_007.json
MMR_Original,10,20,494.3871108509036,4.119984805583954e-05,10,,small_scarce,8,instance_008.json
MMR_Modified,10,20,494.3871108509036,0.00019049993716180325,2,improvement_pct=0.0000,small_scarce,8,instance_008.json
GA_Original,10,20,472.3036644471807,5.000066600041464,18410,,small_scarce,8,instance_008.json
GA_Modified,10,20,481.78508704692365,5.000290300231427,11617,improvement_pct=2.5490,small_scarce,8,instance_008.json
MMR_Original,10,20,532.1720544010175,4.100007936358452e-05,10,,small_scarce,9,instance_009.json
MMR_Modified,10,20,518.5912621583334,0.0002723000943660736,3,improvement_pct=2.5520,small_scarce,9,instance_009.json
GA_Original,10,20,507.63281753597903,5.000206899829209,18553,,small_scarce,9,instance_009.json
GA_Modified,10,20,513.7050998264593,5.000228099990636,11655,improvement_pct=3.4701,small_scarce,9,instance_009.json
MMR_Original,10,20,471.73734811064816,4.1599851101636887e-05,10,,small_scarce,10,instance_010.json
MMR_Modified,10,20,468.60914892881414,0.00021829991601407528,4,improvement_pct=0.6631,small_scarce,10,instance_010.json
GA_Original,10,20,460.707675568466,5.000008400063962,18446,,small_scarce,10,instance_010.json
GA_Modified,10,20,460.707675568466,5.000222899951041,11641,improvement_pct=2.3381,small_scarce,10,instance_010.json
MMR_Original,10,20,497.35841986486275,4.169996827840805e-05,10,,small_scarce,11,instance_011.json
MMR_Modified,10,20,493.3937797854876,0.000282699940726161,4,improvement_pct=0.7971,small_scarce,11,instance_011.json
GA_Original,10,20,493.3937797854875,5.000174100045115,18486,,small_scarce,11,instance_011.json
GA_Modified,10,20,493.3937797854875,5.000270999968052,11670,improvement_pct=0.7971,small_scarce,11,instance_011.json
MMR_Original,10,20,420.87350176249987,4.20999713242054e-05,10,,small_scarce,12,instance_012.json
MMR_Modified,10,20,420.87350176249987,0.00020599993877112865,2,improvement_pct=0.0000,small_scarce,12,instance_012.json
GA_Original,10,20,410.8525926001726,5.000209599966183,18368,,small_scarce,12,instance_012.json
GA_Modified,10,20,410.8525926001726,5.000207700068131,11600,improvement_pct=2.3810,small_scarce,12,instance_012.json
MMR_Original,10,20,401.009885778851,4.20999713242054e-05,10,,small_scarce,13,instance_013.json
MMR_Modified,10,20,391.0505946471907,0.00021500000730156898,3,improvement_pct=2.4836,small_scarce,13,instance_013.json
GA_Original,10,20,391.05059464719074,5.000158600043505,18557,,small_scarce,13,instance_013.json
GA_Modified,10,20,391.05059464719074,5.000394399976358,11659,improvement_pct=2.4836,small_scarce,13,instance_013.json
MMR_Original,10,20,551.3546659755182,4.0999846532940865e-05,10,,small_scarce,14,instance_014.json
MMR_Modified,10,20,551.3546659755182,0.00018560001626610756,2,improvement_pct=0.0000,small_scarce,14,instance_014.json
GA_Original,10,20,530.2755297716535,5.000159800052643,18476,,small_scarce,14,instance_014.json
GA_Modified,10,20,530.2755297716535,5.000223100185394,11623,improvement_pct=3.8232,small_scarce,14,instance_014.json
MMR_Original,10,20,414.72836005330396,4.300009459257126e-05,10,,small_scarce,15,instance_015.json
MMR_Modified,10,20,400.2323557773998,0.0002824000548571348,4,improvement_pct=3.4953,small_scarce,15,instance_015.json
GA_Original,10,20,396.69051715687067,5.000126300146803,18545,,small_scarce,15,instance_015.json
GA_Modified,10,20,400.2323557773998,5.000104300212115,11636,improvement_pct=3.4953,small_scarce,15,instance_015.json
MMR_Original,10,20,431.4429646460701,4.1499966755509377e-05,10,,small_scarce,16,instance_016.json
MMR_Modified,10,20,431.4429646460701,0.0002343999221920967,2,improvement_pct=0.0000,small_scarce,16,instance_016.json
GA_Original,10,20,405.95625841577265,5.000193800078705,18371,,small_scarce,16,instance_016.json
GA_Modified,10,20,416.53390038524907,5.000335699878633,11570,improvement_pct=3.4556,small_scarce,16,instance_016.json
MMR_Original,10,20,539.7393305512762,4.1499966755509377e-05,10,,small_scarce,17,instance_017.json
MMR_Modified,10,20,539.7393305512762,0.00023999996483325958,2,improvement_pct=0.0000,small_scarce,17,instance_017.json
GA_Original,10,20,528.9546307723951,5.0001143999397755,18431,,small_scarce,17,instance_017.json
GA_Modified,10,20,539.7393305512762,5.00040560006164,11673,improvement_pct=0.0000,small_scarce,17,instance_017.json
MMR_Original,10,20,481.45304967804594,4.210020415484905e-05,10,,small_scarce,18,instance_018.json
MMR_Modified,10,20,467.7954208503984,0.000224800081923604,3,improvement_pct=2.8368,small_scarce,18,instance_018.json
GA_Original,10,20,459.082431279139,5.000014699995518,18376,,small_scarce,18,instance_018.json
GA_Modified,10,20,467.79542085039844,5.000210099853575,11542,improvement_pct=2.8368,small_scarce,18,instance_018.json
MMR_Original,10,20,462.3323270605289,4.369998350739479e-05,10,,small_scarce,19,instance_019.json
MMR_Modified,10,20,461.57281343788515,0.00026110000908374786,3,improvement_pct=0.1643,small_scarce,19,instance_019.json
GA_Original,10,20,443.41494033257675,5.000044000102207,18406,,small_scarce,19,instance_019.json
GA_Modified,10,20,445.231880104295,5.000005400041118,11539,improvement_pct=3.6987,small_scarce,19,instance_019.json
MMR_Original,10,20,453.1430614829881,4.200008697807789e-05,10,,small_scarce,20,instance_020.json
MMR_Modified,10,20,453.1430614829881,0.00019160006195306778,2,improvement_pct=0.0000,small_scarce,20,instance_020.json
GA_Original,10,20,446.5291907490141,5.000116999959573,18445,,small_scarce,20,instance_020.json
GA_Modified,10,20,446.5291907490141,5.000057299854234,11634,improvement_pct=1.4596,small_scarce,20,instance_020.json
MMR_Original,30,20,95.52298270771023,0.0003161998465657234,30,,small_rich,1,instance_001.json
MMR_Modified,30,20,92.86584669559916,0.0013371999375522137,4,improvement_pct=2.7817,small_rich,1,instance_001.json
GA_Original,30,20,95.53307787985143,5.000567900016904,7882,,small_rich,1,instance_001.json
GA_Modified,30,20,92.70536144954777,5.000847999937832,6107,improvement_pct=2.9497,small_rich,1,instance_001.json
MMR_Original,30,20,87.10115600138809,0.0003042002208530903,30,,small_rich,2,instance_002.json
MMR_Modified,30,20,87.10115600138809,0.0010297999251633883,2,improvement_pct=0.0000,small_rich,2,instance_002.json
GA_Original,30,20,87.38128022978538,5.000530699966475,7872,,small_rich,2,instance_002.json
GA_Modified,30,20,82.6788216587231,5.000726999947801,6071,improvement_pct=5.0772,small_rich,2,instance_002.json
MMR_Original,30,20,80.82956562742194,0.00043180002830922604,30,,small_rich,3,instance_003.json
MMR_Modified,30,20,80.16619277936113,0.0011100000701844692,3,improvement_pct=0.8207,small_rich,3,instance_003.json
GA_Original,30,20,79.27554741545747,5.000000400003046,7865,,small_rich,3,instance_003.json
GA_Modified,30,20,76.33216797128838,5.000047800131142,6074,improvement_pct=5.5641,small_rich,3,instance_003.json
MMR_Original,30,20,76.33006104313144,0.0003059001173824072,30,,small_rich,4,instance_004.json
MMR_Modified,30,20,72.01919995493421,0.0011551000643521547,4,improvement_pct=5.6477,small_rich,4,instance_004.json
GA_Original,30,20,73.37551505863814,5.000294500030577,7883,,small_rich,4,instance_004.json
GA_Modified,30,20,71.97476650127678,5.000151199987158,6045,improvement_pct=5.7059,small_rich,4,instance_004.json
MMR_Original,30,20,66.0084269145148,0.0004289001226425171,30,,small_rich,5,instance_005.json
MMR_Modified,30,20,64.09142971044494,0.000972700072452426,4,improvement_pct=2.9042,small_rich,5,instance_005.json
GA_Original,30,20,62.73126204928397,5.000162999844179,7875,,small_rich,5,instance_005.json
GA_Modified,30,20,65.74452713654537,5.000574399949983,6023,improvement_pct=0.3998,small_rich,5,instance_005.json
MMR_Original,30,20,82.01060802837301,0.00030429987236857414,30,,small_rich,6,instance_006.json
MMR_Modified,30,20,75.50219058264194,0.0010538999922573566,4,improvement_pct=7.9361,small_rich,6,instance_006.json
GA_Original,30,20,74.19105483859529,5.0002956001553684,7786,,small_rich,6,instance_006.json
GA_Modified,30,20,78.36690538374498,5.000454599969089,6001,improvement_pct=4.4430,small_rich,6,instance_006.json
MMR_Original,30,20,58.868040742155884,0.0003448999486863613,30,,small_rich,7,instance_007.json
MMR_Modified,30,20,57.15149546149289,0.001478099962696433,4,improvement_pct=2.9159,small_rich,7,instance_007.json
GA_Original,30,20,60.243066609410036,5.000307800015435,7866,,small_rich,7,instance_007.json
GA_Modified,30,20,56.48956981702463,5.000648699933663,6060,improvement_pct=4.0403,small_rich,7,instance_007.json
MMR_Original,30,20,72.11529912053862,0.0003030998632311821,30,,small_rich,8,instance_008.json
MMR_Modified,30,20,71.53201483382625,0.001146299997344613,4,improvement_pct=0.8088,small_rich,8,instance_008.json
GA_Original,30,20,71.03219959372299,5.000462299911305,7876,,small_rich,8,instance_008.json
GA_Modified,30,20,69.32782230628908,5.000370499910787,6053,improvement_pct=3.8653,small_rich,8,instance_008.json
MMR_Original,30,20,65.41340822257834,0.00030519999563694,30,,small_rich,9,instance_009.json
MMR_Modified,30,20,62.656843485600355,0.0009105999488383532,4,improvement_pct=4.2141,small_rich,9,instance_009.json
GA_Original,30,20,60.955118208858906,5.000345600070432,7867,,small_rich,9,instance_009.json
GA_Modified,30,20,61.04587130364215,5.0000573000870645,6058,improvement_pct=6.6768,small_rich,9,instance_009.json
MMR_Original,30,20,73.21831434446342,0.0003003999590873718,30,,small_rich,10,instance_010.json
MMR_Modified,30,20,73.17229440196228,0.0010822999756783247,3,improvement_pct=0.0629,small_rich,10,instance_010.json
GA_Original,30,20,65.76932944887166,5.000132099958137,7860,,small_rich,10,instance_010.json
GA_Modified,30,20,67.07421245599024,5.000301199965179,6051,improvement_pct=8.3915,small_rich,10,instance_010.json
MMR_Original,30,20,79.74726281710652,0.00032219989225268364,30,,small_rich,11,instance_011.json
MMR_Modified,30,20,79.421656703161,0.0011360000353306532,3,improvement_pct=0.4083,small_rich,11,instance_011.json
GA_Original,30,20,79.53787936758151,5.000145500060171,7889,,small_rich,11,instance_011.json
GA_Modified,30,20,78.52765214101909,5.000273199984804,6066,improvement_pct=1.5293,small_rich,11,instance_011.json
MMR_Original,30,20,67.3258860001139,0.00032350001856684685,30,,small_rich,12,instance_012.json
MMR_Modified,30,20,63.82646097061177,0.0013005000073462725,4,improvement_pct=5.1977,small_rich,12,instance_012.json
GA_Original,30,20,64.48773755912123,5.0002619998995215,7856,,small_rich,12,instance_012.json
GA_Modified,30,20,66.97269246146463,5.000109900021926,6039,improvement_pct=0.5246,small_rich,12,instance_012.json
MMR_Original,30,20,83.18088935348963,0.0003024998586624861,30,,small_rich,13,instance_013.json
MMR_Modified,30,20,78.86471695588737,0.0012397998943924904,5,improvement_pct=5.1889,small_rich,13,instance_013.json
GA_Original,30,20,73.8529415672159,5.0005727000534534,7887,,small_rich,13,instance_013.json
GA_Modified,30,20,74.9025997481045,5.000387900043279,6085,improvement_pct=9.9522,small_rich,13,instance_013.json
MMR_Original,30,20,59.70002706566096,0.000309299910441041,30,,small_rich,14,instance_014.json
MMR_Modified,30,20,56.775934366552924,0.0014864001423120499,4,improvement_pct=4.8980,small_rich,14,instance_014.json
GA_Original,30,20,61.22122476743361,5.000365399988368,7889,,small_rich,14,instance_014.json
GA_Modified,30,20,58.91145791344994,5.000557400053367,6104,improvement_pct=1.3209,small_rich,14,instance_014.json
MMR_Original,30,20,78.41171688000836,0.00030710012651979923,30,,small_rich,15,instance_015.json
MMR_Modified,30,20,75.6933316646415,0.0009691000450402498,4,improvement_pct=3.4668,small_rich,15,instance_015.json
GA_Original,30,20,72.87463657631216,5.000600199913606,7892,,small_rich,15,instance_015.json
GA_Modified,30,20,76.0590804085529,5.000266099814326,6079,improvement_pct=3.0004,small_rich,15,instance_015.json
MMR_Original,30,20,68.2770881038922,0.0003100999165326357,30,,small_rich,16,instance_016.json
MMR_Modified,30,20,67.10249109307054,0.0012207000982016325,4,improvement_pct=1.7203,small_rich,16,instance_016.json
GA_Original,30,20,64.35202471812406,5.000611299881712,7876,,small_rich,16,instance_016.json
GA_Modified,30,20,62.89873368153035,5.000393599970266,6066,improvement_pct=7.8772,small_rich,16,instance_016.json
MMR_Original,30,20,67.2885843129758,0.0003261999227106571,30,,small_rich,17,instance_017.json
MMR_Modified,30,20,62.30937597741992,0.0013355999253690243,5,improvement_pct=7.3998,small_rich,17,instance_017.json
GA_Original,30,20,65.52972756064312,5.000062099890783,7848,,small_rich,17,instance_017.json
GA_Modified,30,20,60.18434128277252,5.000167600112036,6099,improvement_pct=10.5579,small_rich,17,instance_017.json
MMR_Original,30,20,67.70851651770136,0.0003030998632311821,30,,small_rich,18,instance_018.json
MMR_Modified,30,20,64.13122891923078,0.0014464000705629587,5,improvement_pct=5.2834,small_rich,18,instance_018.json
GA_Original,30,20,62.49569700367123,5.000568100018427,7841,,small_rich,18,instance_018.json
GA_Modified,30,20,64.32457938269239,5.000353200128302,6052,improvement_pct=4.9978,small_rich,18,instance_018.json
MMR_Original,30,20,77.6333593073834,0.00040469993837177753,30,,small_rich,19,instance_019.json
MMR_Modified,30,20,77.6333593073834,0.0010716000106185675,2,improvement_pct=0.0000,small_rich,19,instance_019.json
GA_Original,30,20,82.90918535166385,5.0001646999735385,7867,,small_rich,19,instance_019.json
GA_Modified,30,20,77.6333593073834,5.000299599952996,6078,improvement_pct=0.0000,small_rich,19,instance_019.json
MMR_Original,30,20,82.52344994251203,0.0003116999287158251,30,,small_rich,20,instance_020.json
MMR_Modified,30,20,81.38588966138352,0.0011497000232338905,4,improvement_pct=1.3785,small_rich,20,instance_020.json
GA_Original,30,20,80.38078800021454,5.000008499948308,7845,,small_rich,20,instance_020.json
GA_Modified,30,20,81.38588966138352,5.000286699971184,6059,improvement_pct=1.3785,small_rich,20,instance_020.json
MMR_Original,100,100,636.5481997743262,0.014809699961915612,100,,medium_balanced,1,instance_001.json
MMR_Modified,100,100,633.547278705815,0.03249130002222955,4,improvement_pct=0.4714,medium_balanced,1,instance_001.json
GA_Original,100,100,942.9719729733156,20.000367200002074,3948,,medium_balanced,1,instance_001.json
GA_Modified,100,100,636.5481997743262,20.004648099886253,4084,improvement_pct=0.0000,medium_balanced,1,instance_001.json
MMR_Original,100,100,607.259035800912,0.01449030009098351,100,,medium_balanced,2,instance_002.json
MMR_Modified,100,100,604.5839242301909,0.031681399792432785,4,improvement_pct=0.4405,medium_balanced,2,instance_002.json
GA_Original,100,100,833.4396710347096,20.003557299962267,3954,,medium_balanced,2,instance_002.json
GA_Modified,100,100,607.259035800912,20.00375930010341,4086,improvement_pct=0.0000,medium_balanced,2,instance_002.json
MMR_Original,100,100,666.1472354173801,0.014668300049379468,100,,medium_balanced,3,instance_003.json
MMR_Modified,100,100,660.8836707477902,0.031110299983993173,4,improvement_pct=0.7902,medium_balanced,3,instance_003.json
GA_Original,100,100,943.854979936204,20.0039003000129,3945,,medium_balanced,3,instance_003.json
GA_Modified,100,100,666.1472354173801,20.00107489991933,4079,improvement_pct=0.0000,medium_balanced,3,instance_003.json
MMR_Original,100,100,623.7658286053123,0.015390200074762106,100,,medium_balanced,4,instance_004.json
MMR_Modified,100,100,620.3572335832067,0.032739799935370684,4,improvement_pct=0.5465,medium_balanced,4,instance_004.json
GA_Original,100,100,896.2500045772962,20.002248000120744,3939,,medium_balanced,4,instance_004.json
GA_Modified,100,100,623.7658286053123,20.002289100084454,4091,improvement_pct=0.0000,medium_balanced,4,instance_004.json
MMR_Original,100,100,648.4772169073203,0.015452299965545535,100,,medium_balanced,5,instance_005.json
MMR_Modified,100,100,647.4943391487933,0.03381559997797012,4,improvement_pct=0.1516,medium_balanced,5,instance_005.json
GA_Original,100,100,942.4206924722214,20.00236909999512,3971,,medium_balanced,5,instance_005.json
GA_Modified,100,100,648.4772169073203,20.002242700196803,4109,improvement_pct=0.0000,medium_balanced,5,instance_005.json
MMR_Original,100,100,620.4089663900895,0.014790999935939908,100,,medium_balanced,6,instance_006.json
MMR_Modified,100,100,617.0650025535815,0.030747600132599473,4,improvement_pct=0.5390,medium_balanced,6,instance_006.json
GA_Original,100,100,867.1937032492692,20.0016978001222,3961,,medium_balanced,6,instance_006.json
GA_Modified,100,100,620.4089663900895,20.002804999938235,4099,improvement_pct=0.0000,medium_balanced,6,instance_006.json
MMR_Original,100,100,605.2272056086069,0.014818000141531229,100,,medium_balanced,7,instance_007.json
MMR_Modified,100,100,599.0656569237069,0.03285009996034205,4,improvement_pct=1.0181,medium_balanced,7,instance_007.json
GA_Original,100,100,826.1604931407809,20.000716800102964,3965,,medium_balanced,7,instance_007.json
GA_Modified,100,100,605.2272056086069,20.000814399914816,4094,improvement_pct=0.0000,medium_balanced,7,instance_007.json
MMR_Original,100,100,605.4432311694211,0.015469899866729975,100,,medium_balanced,8,instance_008.json
MMR_Modified,100,100,603.0133317257266,0.03477269993163645,5,improvement_pct=0.4013,medium_balanced,8,instance_008.json
GA_Original,100,100,817.6667235981786,20.001521399943158,3949,,medium_balanced,8,instance_008.json
GA_Modified,100,100,604.7376472240139,20.00371459987946,4088,improvement_pct=0.1165,medium_balanced,8,instance_008.json
MMR_Original,100,100,626.389426940187,0.015554099809378386,100,,medium_balanced,9,instance_009.json
MMR_Modified,100,100,625.4452771459709,0.03292150003835559,4,improvement_pct=0.1507,medium_balanced,9,instance_009.json
GA_Original,100,100,882.6881253210177,20.003070600098,3957,,medium_balanced,9,instance_009.json
GA_Modified,100,100,626.389426940187,20.002112300135195,4091,improvement_pct=0.0000,medium_balanced,9,instance_009.json
MMR_Original,100,100,698.139090146473,0.014978899853304029,100,,medium_balanced,10,instance_010.json
MMR_Modified,100,100,697.5083322871405,0.03336900006979704,4,improvement_pct=0.0903,medium_balanced,10,instance_010.json
GA_Original,100,100,983.8960502476483,20.00524319987744,3946,,medium_balanced,10,instance_010.json
GA_Modified,100,100,698.139090146473,20.00088070007041,4082,improvement_pct=0.0000,medium_balanced,10,instance_010.json
MMR_Original,100,100,671.2055278537488,0.0146248999517411,100,,medium_balanced,11,instance_011.json
MMR_Modified,100,100,666.2473160968085,0.034497500164434314,5,improvement_pct=0.7387,medium_balanced,11,instance_011.json
GA_Original,100,100,972.8147172699864,20.002718799980357,3958,,medium_balanced,11,instance_011.json
GA_Modified,100,100,670.531828609199,20.003758399980143,4086,improvement_pct=0.1004,medium_balanced,11,instance_011.json
MMR_Original,100,100,635.1734964711077,0.014983899891376495,100,,medium_balanced,12,instance_012.json
MMR_Modified,100,100,632.5399311059242,0.032337999902665615,4,improvement_pct=0.4146,medium_balanced,12,instance_012.json
GA_Original,100,100,876.431513267743,20.003550400026143,3934,,medium_balanced,12,instance_012.json
GA_Modified,100,100,635.1734964711077,20.000981299905106,4066,improvement_pct=0.0000,medium_balanced,12,instance_012.json
MMR_Original,100,100,624.4247508069177,0.01470100018195808,100,,medium_balanced,13,instance_013.json
MMR_Modified,100,100,621.7541455322746,0.033025399781763554,4,improvement_pct=0.4277,medium_balanced,13,instance_013.json
GA_Original,100,100,868.1708136172883,20.000398700125515,3942,,medium_balanced,13,instance_013.json
GA_Modified,100,100,624.4247508069177,20.00096240011044,4084,improvement_pct=0.0000,medium_balanced,13,instance_013.json
MMR_Original,100,100,668.0061415921543,0.014968200121074915,100,,medium_balanced,14,instance_014.json
MMR_Modified,100,100,666.7301946261393,0.036461399868130684,4,improvement_pct=0.1910,medium_balanced,14,instance_014.json
GA_Original,100,100,912.195764978249,20.00004790001549,3948,,medium_balanced,14,instance_014.json
GA_Modified,100,100,668.0061415921543,20.004473499953747,4086,improvement_pct=0.0000,medium_balanced,14,instance_014.json
MMR_Original,100,100,710.3624693538516,0.014660699991509318,100,,medium_balanced,15,instance_015.json
MMR_Modified,100,100,708.0297829407759,0.03043779986910522,4,improvement_pct=0.3284,medium_balanced,15,instance_015.json
GA_Original,100,100,968.5497759779134,20.00452769990079,3946,,medium_balanced,15,instance_015.json
GA_Modified,100,100,710.3624693538516,20.000363199971616,4087,improvement_pct=0.0000,medium_balanced,15,instance_015.json
MMR_Original,100,100,604.8594724839327,0.01483969995751977,100,,medium_balanced,16,instance_016.json
MMR_Modified,100,100,603.2488492508312,0.03139490005560219,4,improvement_pct=0.2663,medium_balanced,16,instance_016.json
GA_Original,100,100,895.6031045966782,20.00444999989122,3936,,medium_balanced,16,instance_016.json
GA_Modified,100,100,604.8594724839327,20.00291909999214,4078,improvement_pct=0.0000,medium_balanced,16,instance_016.json
MMR_Original,100,100,611.3953776820214,0.01491059991531074,100,,medium_balanced,17,instance_017.json
MMR_Modified,100,100,608.6510318693767,0.0320637000259012,4,improvement_pct=0.4489,medium_balanced,17,instance_017.json
GA_Original,100,100,827.1974269264352,20.004406199790537,3947,,medium_balanced,17,instance_017.json
GA_Modified,100,100,611.3953776820214,20.002730599837378,4078,improvement_pct=0.0000,medium_balanced,17,instance_017.json
MMR_Original,100,100,671.1703792069496,0.014815599890425801,100,,medium_balanced,18,instance_018.json
MMR_Modified,100,100,665.5681283826129,0.03109310008585453,4,improvement_pct=0.8347,medium_balanced,18,instance_018.json
GA_Original,100,100,925.7535460888954,20.000682200072333,3934,,medium_balanced,18,instance_018.json
GA_Modified,100,100,671.1703792069496,20.00415870011784,4094,improvement_pct=0.0000,medium_balanced,18,instance_018.json
MMR_Original,100,100,676.4898510676809,0.015197499888017774,100,,medium_balanced,19,instance_019.json
MMR_Modified,100,100,672.6443278984326,0.03188460017554462,4,improvement_pct=0.5685,medium_balanced,19,instance_019.json
GA_Original,100,100,935.205414289564,20.000426599988714,3973,,medium_balanced,19,instance_019.json
GA_Modified,100,100,676.4898510676809,20.000417300034314,4097,improvement_pct=0.0000,medium_balanced,19,instance_019.json
MMR_Original,100,100,682.2611194333174,0.014990300172939897,100,,medium_balanced,20,instance_020.json
MMR_Modified,100,100,679.3869299993738,0.03407759987749159,4,improvement_pct=0.4213,medium_balanced,20,instance_020.json
GA_Original,100,100,985.0862914798697,20.003551799803972,3966,,medium_balanced,20,instance_020.json
GA_Modified,100,100,682.2611194333174,20.00257879984565,4107,improvement_pct=0.0000,medium_balanced,20,instance_020.json
MMR_Original,50,100,2593.9597735972916,0.0036683999933302402,50,,medium_scarce,1,instance_001.json
MMR_Modified,50,100,2588.0581800526547,0.00994719984009862,4,improvement_pct=0.2275,medium_scarce,1,instance_001.json
GA_Original,50,100,2879.335301923631,20.000596900004894,6398,,medium_scarce,1,instance_001.json
GA_Modified,50,100,2592.8962273776347,20.00283810007386,5666,improvement_pct=0.0410,medium_scarce,1,instance_001.json
MMR_Original,50,100,2176.261199356434,0.0037563000805675983,50,,medium_scarce,2,instance_002.json
MMR_Modified,50,100,2169.2715249220378,0.01036349986679852,4,improvement_pct=0.3212,medium_scarce,2,instance_002.json
GA_Original,50,100,2430.2036858953643,20.001088599907234,6371,,medium_scarce,2,instance_002.json
GA_Modified,50,100,2168.298726580435,20.000335399992764,5648,improvement_pct=0.3659,medium_scarce,2,instance_002.json
MMR_Original,50,100,1921.884373892519,0.004017600091174245,50,,medium_scarce,3,instance_003.json
MMR_Modified,50,100,1914.8454877503593,0.008948699804022908,4,improvement_pct=0.3662,medium_scarce,3,instance_003.json
GA_Original,50,100,2143.506233082233,20.002852600067854,6382,,medium_scarce,3,instance_003.json
GA_Modified,50,100,1917.5119577134822,20.001953800208867,5624,improvement_pct=0.2275,medium_scarce,3,instance_003.json
MMR_Original,50,100,1912.3938760011083,0.0038831999991089106,50,,medium_scarce,4,instance_004.json
MMR_Modified,50,100,1909.338718241835,0.010806600097566843,4,improvement_pct=0.1598,medium_scarce,4,instance_004.json
GA_Original,50,100,2150.9192552907275,20.00060319993645,6325,,medium_scarce,4,instance_004.json
GA_Modified,50,100,1912.3938760011083,20.001065299846232,5621,improvement_pct=0.0000,medium_scarce,4,instance_004.json
MMR_Original,50,100,1974.05417495414,0.003780700033530593,50,,medium_scarce,5,instance_005.json
MMR_Modified,50,100,1972.512089889364,0.009416700107976794,4,improvement_pct=0.0781,medium_scarce,5,instance_005.json
GA_Original,50,100,2204.1178538935424,20.00270319986157,6367,,medium_scarce,5,instance_005.json
GA_Modified,50,100,1961.35525217104,20.001032500062138,5626,improvement_pct=0.6433,medium_scarce,5,instance_005.json
MMR_Original,50,100,2021.761110431122,0.0036933000665158033,50,,medium_scarce,6,instance_006.json
MMR_Modified,50,100,2015.9054173602892,0.00999769987538457,4,improvement_pct=0.2896,medium_scarce,6,instance_006.json
GA_Original,50,100,2201.3999232726974,20.00121479993686,6345,,medium_scarce,6,instance_006.json
GA_Modified,50,100,2021.761110431122,20.000955099938437,5640,improvement_pct=0.0000,medium_scarce,6,instance_006.json
MMR_Original,50,100,2080.1752900134125,0.003854000009596348,50,,medium_scarce,7,instance_007.json
MMR_Modified,50,100,2077.8663458724623,0.010254000080749393,4,improvement_pct=0.1110,medium_scarce,7,instance_007.json
GA_Original,50,100,2272.7983644439405,20.000952300149947,6376,,medium_scarce,7,instance_007.json
GA_Modified,50,100,2073.6935431090064,20.000498899957165,5631,improvement_pct=0.3116,medium_scarce,7,instance_007.json
MMR_Original,50,100,2386.376857837942,0.0037879999727010727,50,,medium_scarce,8,instance_008.json
MMR_Modified,50,100,2376.876897922178,0.010327700059860945,4,improvement_pct=0.3981,medium_scarce,8,instance_008.json
GA_Original,50,100,2558.7917352136737,20.002051200019196,6353,,medium_scarce,8,instance_008.json
GA_Modified,50,100,2386.376857837942,20.00329879997298,5643,improvement_pct=0.0000,medium_scarce,8,instance_008.json
MMR_Original,50,100,1802.6104518031016,0.007323799887672067,50,,medium_scarce,9,instance_009.json
MMR_Modified,50,100,1798.3427983230595,0.012070000171661377,4,improvement_pct=0.2367,medium_scarce,9,instance_009.json
GA_Original,50,100,2134.8693668578576,20.001637399895117,6376,,medium_scarce,9,instance_009.json
GA_Modified,50,100,1802.6104518031016,20.00323629984632,5646,improvement_pct=0.0000,medium_scarce,9,instance_009.json
MMR_Original,50,100,1981.2682964763328,0.0036595999263226986,50,,medium_scarce,10,instance_010.json
MMR_Modified,50,100,1969.4789076475904,0.00971490005031228,4,improvement_pct=0.5950,medium_scarce,10,instance_010.json
GA_Original,50,100,2164.6992679212076,20.000172199914232,6364,,medium_scarce,10,instance_010.json
GA_Modified,50,100,1981.2682964763328,20.00053959991783,5610,improvement_pct=0.0000,medium_scarce,10,instance_010.json
MMR_Original,50,100,2209.905315356252,0.0036690998822450638,50,,medium_scarce,11,instance_011.json
MMR_Modified,50,100,2208.142509565749,0.009144800016656518,3,improvement_pct=0.0798,medium_scarce,11,instance_011.json
GA_Original,50,100,2503.924502980211,20.002336400095373,6355,,medium_scarce,11,instance_011.json
GA_Modified,50,100,2204.747264203727,20.000425199978054,5661,improvement_pct=0.2334,medium_scarce,11,instance_011.json
MMR_Original,50,100,2041.7218953946337,0.003845399944111705,50,,medium_scarce,12,instance_012.json
MMR_Modified,50,100,2041.7218953946337,0.009579200064763427,2,improvement_pct=0.0000,medium_scarce,12,instance_012.json
GA_Original,50,100,2299.5706288219094,20.00288589997217,6382,,medium_scarce,12,instance_012.json
GA_Modified,50,100,2040.4593047623414,20.0017605999019,5672,improvement_pct=0.0618,medium_scarce,12,instance_012.json
MMR_Original,50,100,2290.532180378643,0.003647199831902981,50,,medium_scarce,13,instance_013.json
MMR_Modified,50,100,2276.6745520289874,0.009733099956065416,4,improvement_pct=0.6050,medium_scarce,13,instance_013.json
GA_Original,50,100,2526.569345244135,20.000584700144827,6399,,medium_scarce,13,instance_013.json
GA_Modified,50,100,2290.532180378643,20.002372700022534,5655,improvement_pct=0.0000,medium_scarce,13,instance_013.json
MMR_Original,50,100,2036.8274487018648,0.003992199897766113,50,,medium_scarce,14,instance_014.json
MMR_Modified,50,100,2025.285153739703,0.009964199969545007,4,improvement_pct=0.5667,medium_scarce,14,instance_014.json
GA_Original,50,100,2228.5650778284707,20.00164659996517,6375,,medium_scarce,14,instance_014.json
GA_Modified,50,100,2024.4675259076237,20.00089650019072,5630,improvement_pct=0.6068,medium_scarce,14,instance_014.json
MMR_Original,50,100,2183.9376838496373,0.0036626001819968224,50,,medium_scarce,15,instance_015.json
MMR_Modified,50,100,2179.526621636152,0.009434200124815106,4,improvement_pct=0.2020,medium_scarce,15,instance_015.json
GA_Original,50,100,2385.9757727404603,20.000098599819466,6352,,medium_scarce,15,instance_015.json
GA_Modified,50,100,2183.9376838496373,20.001214199932292,5601,improvement_pct=0.0000,medium_scarce,15,instance_015.json
MMR_Original,50,100,2094.5152513868684,0.003737000050023198,50,,medium_scarce,16,instance_016.json
MMR_Modified,50,100,2079.4903881967575,0.0090315998531878,4,improvement_pct=0.7173,medium_scarce,16,instance_016.json
GA_Original,50,100,2289.0304889244767,20.001436799997464,6344,,medium_scarce,16,instance_016.json
GA_Modified,50,100,2094.5152513868684,20.001054299995303,5637,improvement_pct=0.0000,medium_scarce,16,instance_016.json
MMR_Original,50,100,1891.1532043871475,0.0037144001107662916,50,,medium_scarce,17,instance_017.json
MMR_Modified,50,100,1887.2543590589892,0.009557100012898445,4,improvement_pct=0.2062,medium_scarce,17,instance_017.json
GA_Original,50,100,2065.9038350186993,20.002613800112158,6385,,medium_scarce,17,instance_017.json
GA_Modified,50,100,1883.545372294261,20.000729399966076,5671,improvement_pct=0.4023,medium_scarce,17,instance_017.json
MMR_Original,50,100,2103.877698419028,0.0037159998901188374,50,,medium_scarce,18,instance_018.json
MMR_Modified,50,100,2091.0318768897914,0.009764299960806966,3,improvement_pct=0.6106,medium_scarce,18,instance_018.json
GA_Original,50,100,2246.267422480526,20.000018700025976,6378,,medium_scarce,18,instance_018.json
GA_Modified,50,100,2103.877698419028,20.00205189990811,5646,improvement_pct=0.0000,medium_scarce,18,instance_018.json
MMR_Original,50,100,1926.5958677038107,0.004037200007587671,50,,medium_scarce,19,instance_019.json
MMR_Modified,50,100,1926.5958677038107,0.00892090005800128,2,improvement_pct=0.0000,medium_scarce,19,instance_019.json
GA_Original,50,100,2148.0708753078366,20.003081100061536,6366,,medium_scarce,19,instance_019.json
GA_Modified,50,100,1923.6850880669567,20.002093099988997,5634,improvement_pct=0.1511,medium_scarce,19,instance_019.json
MMR_Original,50,100,2074.1868826555515,0.003875599941238761,50,,medium_scarce,20,instance_020.json
MMR_Modified,50,100,2070.301888355231,0.008910599863156676,4,improvement_pct=0.1873,medium_scarce,20,instance_020.json
GA_Original,50,100,2337.101140256949,20.00291659985669,6357,,medium_scarce,20,instance_020.json
GA_Modified,50,100,2072.963086248255,20.000701900105923,5669,improvement_pct=0.0590,medium_scarce,20,instance_020.json
MMR_Original,150,100,249.74160610588916,0.0336370998993516,150,,medium_rich,1,instance_001.json
MMR_Modified,150,100,249.155152965884,0.07022810005582869,4,improvement_pct=0.2348,medium_rich,1,instance_001.json
GA_Original,150,100,450.30696068412504,60.00556600000709,5792,,medium_rich,1,instance_001.json
GA_Modified,150,100,249.70178885070223,60.002978400094435,6439,improvement_pct=0.0159,medium_rich,1,instance_001.json
MMR_Original,150,100,253.49567587915143,0.03336869995109737,150,,medium_rich,2,instance_002.json
MMR_Modified,150,100,252.27582360960224,0.07044519996270537,5,improvement_pct=0.4812,medium_rich,2,instance_002.json
GA_Original,150,100,431.84698174232216,60.00346050015651,5774,,medium_rich,2,instance_002.json
GA_Modified,150,100,252.60741684221205,60.001942600123584,6420,improvement_pct=0.3504,medium_rich,2,instance_002.json
MMR_Original,150,100,236.83938048876686,0.034241699846461415,150,,medium_rich,3,instance_003.json
MMR_Modified,150,100,235.8405200802666,0.06798809999600053,4,improvement_pct=0.4217,medium_rich,3,instance_003.json
GA_Original,150,100,389.7375445819033,60.00417959992774,5741,,medium_rich,3,instance_003.json
GA_Modified,150,100,236.83938048876686,60.000657099997625,6386,improvement_pct=0.0000,medium_rich,3,instance_003.json
MMR_Original,150,100,234.0230076627791,0.033320599934086204,150,,medium_rich,4,instance_004.json
MMR_Modified,150,100,233.005634634428,0.08053799998015165,5,improvement_pct=0.4347,medium_rich,4,instance_004.json
GA_Original,150,100,403.4108082576501,60.00739989988506,5750,,medium_rich,4,instance_004.json
GA_Modified,150,100,233.61714457701908,60.00286329980008,6424,improvement_pct=0.1734,medium_rich,4,instance_004.json
MMR_Original,150,100,267.6932788641127,0.03295510006137192,150,,medium_rich,5,instance_005.json
MMR_Modified,150,100,266.0946724688002,0.0672263999003917,4,improvement_pct=0.5972,medium_rich,5,instance_005.json
GA_Original,150,100,476.2893971598176,60.00433979998343,5756,,medium_rich,5,instance_005.json
GA_Modified,150,100,267.6932788641127,60.00024199998006,6454,improvement_pct=0.0000,medium_rich,5,instance_005.json
MMR_Original,150,100,247.69428228043176,0.03327540005557239,150,,medium_rich,6,instance_006.json
MMR_Modified,150,100,246.96065596539952,0.06310129980556667,4,improvement_pct=0.2962,medium_rich,6,instance_006.json
GA_Original,150,100,391.75772138593976,60.0007814001292,5784,,medium_rich,6,instance_006.json
GA_Modified,150,100,247.69428228043176,60.00211240001954,6441,improvement_pct=0.0000,medium_rich,6,instance_006.json
MMR_Original,150,100,260.0629609563299,0.033581400057300925,150,,medium_rich,7,instance_007.json
MMR_Modified,150,100,258.9756397971287,0.0681783000472933,4,improvement_pct=0.4181,medium_rich,7,instance_007.json
GA_Original,150,100,439.0959568080148,60.00632210006006,5775,,medium_rich,7,instance_007.json
GA_Modified,150,100,259.6551463583942,60.00684949988499,6445,improvement_pct=0.1568,medium_rich,7,instance_007.json
MMR_Original,150,100,259.1069392052964,0.032629699911922216,150,,medium_rich,8,instance_008.json
MMR_Modified,150,100,258.46634967583907,0.0671794000081718,4,improvement_pct=0.2472,medium_rich,8,instance_008.json
GA_Original,150,100,424.4870982571507,60.00314459996298,5789,,medium_rich,8,instance_008.json
GA_Modified,150,100,259.1069392052964,60.00548480008729,6448,improvement_pct=0.0000,medium_rich,8,instance_008.json
MMR_Original,150,100,234.44244258206317,0.0332351999823004,150,,medium_rich,9,instance_009.json
MMR_Modified,150,100,233.1087188907757,0.07452749996446073,4,improvement_pct=0.5689,medium_rich,9,instance_009.json
GA_Original,150,100,423.90572470849605,60.0026658999268,5800,,medium_rich,9,instance_009.json
GA_Modified,150,100,234.44244258206317,60.00231530005112,6468,improvement_pct=0.0000,medium_rich,9,instance_009.json
MMR_Original,150,100,263.2946725293617,0.03878100006841123,150,,medium_rich,10,instance_010.json
MMR_Modified,150,100,261.14187934425416,0.07383860019035637,5,improvement_pct=0.8176,medium_rich,10,instance_010.json
GA_Original,150,100,422.8761992107775,60.009361000033095,5789,,medium_rich,10,instance_010.json
GA_Modified,150,100,263.15624911319037,60.001387199852616,6458,improvement_pct=0.0526,medium_rich,10,instance_010.json
MMR_Original,150,100,259.55397233309014,0.03362010000273585,150,,medium_rich,11,instance_011.json
MMR_Modified,150,100,258.73381307354083,0.07099110004492104,4,improvement_pct=0.3160,medium_rich,11,instance_011.json
GA_Original,150,100,409.8011548381625,60.00497830007225,5786,,medium_rich,11,instance_011.json
GA_Modified,150,100,259.05129299298915,60.003291399916634,6434,improvement_pct=0.1937,medium_rich,11,instance_011.json
MMR_Original,150,100,252.30701632979964,0.03249559993855655,150,,medium_rich,12,instance_012.json
MMR_Modified,150,100,251.3441808788844,0.06592960003763437,4,improvement_pct=0.3816,medium_rich,12,instance_012.json
GA_Original,150,100,422.40978379335525,60.01000509993173,5775,,medium_rich,12,instance_012.json
GA_Modified,150,100,252.2773079833124,60.00278380000964,6465,improvement_pct=0.0118,medium_rich,12,instance_012.json
MMR_Original,150,100,221.6041562223004,0.03327740007080138,150,,medium_rich,13,instance_013.json
MMR_Modified,150,100,221.2065546069628,0.0682643000036478,4,improvement_pct=0.1794,medium_rich,13,instance_013.json
GA_Original,150,100,367.25284220639674,60.003421999979764,5811,,medium_rich,13,instance_013.json
GA_Modified,150,100,221.6041562223004,60.000514100072905,6454,improvement_pct=0.0000,medium_rich,13,instance_013.json
MMR_Original,150,100,213.8445516392554,0.03411260014399886,150,,medium_rich,14,instance_014.json
MMR_Modified,150,100,213.19230349178858,0.07327499985694885,4,improvement_pct=0.3050,medium_rich,14,instance_014.json
GA_Original,150,100,382.3596606074227,60.003572599962354,5786,,medium_rich,14,instance_014.json
GA_Modified,150,100,213.60258441125603,60.001270399894565,6450,improvement_pct=0.1132,medium_rich,14,instance_014.json
MMR_Original,150,100,249.3751265099723,0.03267490002326667,150,,medium_rich,15,instance_015.json
MMR_Modified,150,100,248.51619058682405,0.062349600018933415,4,improvement_pct=0.3444,medium_rich,15,instance_015.json
GA_Original,150,100,402.0283272728293,60.0056256998796,5788,,medium_rich,15,instance_015.json
GA_Modified,150,100,249.3751265099723,60.00076780002564,6423,improvement_pct=0.0000,medium_rich,15,instance_015.json
MMR_Original,150,100,234.87315402583968,0.03309740009717643,150,,medium_rich,16,instance_016.json
MMR_Modified,150,100,233.63603111886974,0.0706476999912411,5,improvement_pct=0.5267,medium_rich,16,instance_016.json
GA_Original,150,100,388.15368593348927,60.00256949989125,5769,,medium_rich,16,instance_016.json
GA_Modified,150,100,234.10602573660847,60.00430459994823,6426,improvement_pct=0.3266,medium_rich,16,instance_016.json
MMR_Original,150,100,262.6047913976138,0.033229000167921185,150,,medium_rich,17,instance_017.json
MMR_Modified,150,100,261.6950133903183,0.07095470000058413,5,improvement_pct=0.3464,medium_rich,17,instance_017.json
GA_Original,150,100,442.49788955153826,60.00960920006037,5793,,medium_rich,17,instance_017.json
GA_Modified,150,100,261.10028144879874,60.001981699839234,6436,improvement_pct=0.5729,medium_rich,17,instance_017.json
MMR_Original,150,100,226.4900327171148,0.03365430003032088,150,,medium_rich,18,instance_018.json
MMR_Modified,150,100,225.748514522477,0.06543630012311041,4,improvement_pct=0.3274,medium_rich,18,instance_018.json
GA_Original,150,100,382.4187524506646,60.002390400040895,5767,,medium_rich,18,instance_018.json
GA_Modified,150,100,226.4900327171148,60.00149579998106,6431,improvement_pct=0.0000,medium_rich,18,instance_018.json
MMR_Original,150,100,219.79410421498923,0.03475990006700158,150,,medium_rich,19,instance_019.json
MMR_Modified,150,100,219.39043893801164,0.07059730007313192,4,improvement_pct=0.1837,medium_rich,19,instance_019.json
GA_Original,150,100,375.73719862600683,60.00781890004873,5781,,medium_rich,19,instance_019.json
GA_Modified,150,100,219.22744294900903,60.00092490017414,6436,improvement_pct=0.2578,medium_rich,19,instance_019.json
MMR_Original,150,100,222.69142856087294,0.033446500077843666,150,,medium_rich,20,instance_020.json
MMR_Modified,150,100,222.15954736121776,0.07589920004829764,4,improvement_pct=0.2388,medium_rich,20,instance_020.json
GA_Original,150,100,386.774340055763,60.003882699878886,5785,,medium_rich,20,instance_020.json
GA_Modified,150,100,222.69142856087294,60.0053920999635,6438,improvement_pct=0.0000,medium_rich,20,instance_020.json
MMR_Original,250,250,1448.7257422542539,0.22764369985088706,250,,large_balanced,1,instance_001.json
MMR_Modified,250,250,1446.7894676711906,0.4669546999502927,5,improvement_pct=0.1337,large_balanced,1,instance_001.json
GA_Original,250,250,2343.855277225846,60.00261460011825,2155,,large_balanced,1,instance_001.json
GA_Modified,250,250,1448.2544540097067,60.02248269994743,2511,improvement_pct=0.0325,large_balanced,1,instance_001.json
MMR_Original,250,250,1478.8052674858748,0.22874419996514916,250,,large_balanced,2,instance_002.json
MMR_Modified,250,250,1476.2546895122446,0.41110490006394684,4,improvement_pct=0.1725,large_balanced,2,instance_002.json
GA_Original,250,250,2287.404495605413,60.00867610005662,2156,,large_balanced,2,instance_002.json
GA_Modified,250,250,1478.8052674858748,60.02143449988216,2508,improvement_pct=0.0000,large_balanced,2,instance_002.json
MMR_Original,250,250,1531.2980034783611,0.23519470007158816,250,,large_balanced,3,instance_003.json
MMR_Modified,250,250,1527.3401535659775,0.4244079999625683,4,improvement_pct=0.2585,large_balanced,3,instance_003.json
GA_Original,250,250,2542.0560876531736,60.02538140001707,2153,,large_balanced,3,instance_003.json
GA_Modified,250,250,1531.2980034783611,60.01033030007966,2505,improvement_pct=0.0000,large_balanced,3,instance_003.json
MMR_Original,250,250,1491.0062834387236,0.22910099988803267,250,,large_balanced,4,instance_004.json
MMR_Modified,250,250,1486.907313822617,0.42642629984766245,4,improvement_pct=0.2749,large_balanced,4,instance_004.json
GA_Original,250,250,2315.7619442276214,60.008559099864215,2155,,large_balanced,4,instance_004.json
GA_Modified,250,250,1491.0062834387236,60.019087499938905,2510,improvement_pct=0.0000,large_balanced,4,instance_004.json
MMR_Original,250,250,1471.0958478912032,0.2239079000428319,250,,large_balanced,5,instance_005.json
MMR_Modified,250,250,1470.0441261651858,0.4126869000028819,4,improvement_pct=0.0715,large_balanced,5,instance_005.json
GA_Original,250,250,2345.3935277470564,60.02245260006748,2158,,large_balanced,5,instance_005.json
GA_Modified,250,250,1471.0958478912032,60.018863199977204,2512,improvement_pct=0.0000,large_balanced,5,instance_005.json
MMR_Original,250,250,1499.6318461735123,0.22706840001046658,250,,large_balanced,6,instance_006.json
MMR_Modified,250,250,1498.9922830584649,0.4184940999839455,4,improvement_pct=0.0426,large_balanced,6,instance_006.json
GA_Original,250,250,2467.2855718483784,60.01241259998642,2153,,large_balanced,6,instance_006.json
GA_Modified,250,250,1499.6318461735123,60.005139499902725,2506,improvement_pct=0.0000,large_balanced,6,instance_006.json
MMR_Original,250,250,1425.9699855414278,0.2285680000204593,250,,large_balanced,7,instance_007.json
MMR_Modified,250,250,1425.0355978880998,0.47012319997884333,5,improvement_pct=0.0655,large_balanced,7,instance_007.json
GA_Original,250,250,2275.611814275094,60.020728799980134,2152,,large_balanced,7,instance_007.json
GA_Modified,250,250,1425.7974167371585,60.01391290011816,2508,improvement_pct=0.0121,large_balanced,7,instance_007.json
MMR_Original,250,250,1449.2810326175022,0.22829680005088449,250,,large_balanced,8,instance_008.json
MMR_Modified,250,250,1447.0714685567382,0.408019500086084,4,improvement_pct=0.1525,large_balanced,8,instance_008.json
GA_Original,250,250,2363.588059253653,60.022852499969304,2153,,large_balanced,8,instance_008.json
GA_Modified,250,250,1449.2810326175022,60.021013600053266,2501,improvement_pct=0.0000,large_balanced,8,instance_008.json
MMR_Original,250,250,1507.991625237491,0.22756060003302991,250,,large_balanced,9,instance_009.json
MMR_Modified,250,250,1505.5601412233298,0.4119838001206517,4,improvement_pct=0.1612,large_balanced,9,instance_009.json
GA_Original,250,250,2587.80992939484,60.00019669998437,2151,,large_balanced,9,instance_009.json
GA_Modified,250,250,1507.991625237491,60.01339010009542,2508,improvement_pct=0.0000,large_balanced,9,instance_009.json
MMR_Original,250,250,1501.9511724343888,0.23682030010968447,250,,large_balanced,10,instance_010.json
MMR_Modified,250,250,1500.5286882264086,0.4244516999460757,4,improvement_pct=0.0947,large_balanced,10,instance_010.json
GA_Original,250,250,2416.8819470467533,60.014727000147104,2155,,large_balanced,10,instance_010.json
GA_Modified,250,250,1501.9511724343888,60.01520809996873,2518,improvement_pct=0.0000,large_balanced,10,instance_010.json
MMR_Original,250,250,1498.1466109463136,0.22717950004152954,250,,large_balanced,11,instance_011.json
MMR_Modified,250,250,1497.8326516138436,0.4398529001045972,3,improvement_pct=0.0210,large_balanced,11,instance_011.json
GA_Original,250,250,2387.063990288102,60.02302520000376,2157,,large_balanced,11,instance_011.json
GA_Modified,250,250,1498.1466109463136,60.01195939979516,2509,improvement_pct=0.0000,large_balanced,11,instance_011.json
MMR_Original,250,250,1489.4605490158187,0.23380589997395873,250,,large_balanced,12,instance_012.json
MMR_Modified,250,250,1485.010212274946,0.46334949997253716,6,improvement_pct=0.2988,large_balanced,12,instance_012.json
GA_Original,250,250,2385.452167802147,60.01206949981861,2147,,large_balanced,12,instance_012.json
GA_Modified,250,250,1487.3924237523017,60.008656200021505,2500,improvement_pct=0.1389,large_balanced,12,instance_012.json
MMR_Original,250,250,1492.0039688145082,0.2250470002181828,250,,large_balanced,13,instance_013.json
MMR_Modified,250,250,1491.4010979991158,0.43922229995951056,5,improvement_pct=0.0404,large_balanced,13,instance_013.json
GA_Original,250,250,2277.888297395053,60.019764700206,2148,,large_balanced,13,instance_013.json
GA_Modified,250,250,1491.9268074321997,60.012130400165915,2501,improvement_pct=0.0052,large_balanced,13,instance_013.json
MMR_Original,250,250,1388.3755413988567,0.22724899998866022,250,,large_balanced,14,instance_014.json
MMR_Modified,250,250,1386.786615575856,0.4721831998322159,6,improvement_pct=0.1144,large_balanced,14,instance_014.json
GA_Original,250,250,2230.282786469892,60.0119419998955,2153,,large_balanced,14,instance_014.json
GA_Modified,250,250,1387.1554483994175,60.005629000021145,2510,improvement_pct=0.0879,large_balanced,14,instance_014.json
MMR_Original,250,250,1495.8707976603698,0.22553599998354912,250,,large_balanced,15,instance_015.json
MMR_Modified,250,250,1495.1621226477967,0.4114532000385225,4,improvement_pct=0.0474,large_balanced,15,instance_015.json
GA_Original,250,250,2352.5436430650575,60.01404559984803,2153,,large_balanced,15,instance_015.json
GA_Modified,250,250,1495.8707976603698,60.01960629993118,2505,improvement_pct=0.0000,large_balanced,15,instance_015.json
MMR_Original,250,250,1487.4286396046846,0.22549420013092458,250,,large_balanced,16,instance_016.json
MMR_Modified,250,250,1486.9423282924813,0.42154989996924996,4,improvement_pct=0.0327,large_balanced,16,instance_016.json
GA_Original,250,250,2471.8200147862726,60.00664159981534,2137,,large_balanced,16,instance_016.json
GA_Modified,250,250,1487.4286396046846,60.0232669999823,2512,improvement_pct=0.0000,large_balanced,16,instance_016.json
MMR_Original,250,250,1468.8006230634717,0.22752620000392199,250,,large_balanced,17,instance_017.json
MMR_Modified,250,250,1467.1178464825475,0.45190489990636706,5,improvement_pct=0.1146,large_balanced,17,instance_017.json
GA_Original,250,250,2364.641502907054,60.012239899951965,2152,,large_balanced,17,instance_017.json
GA_Modified,250,250,1468.758222653097,60.013471900019795,2508,improvement_pct=0.0029,large_balanced,17,instance_017.json
MMR_Original,250,250,1414.4912528188318,0.22588829998858273,250,,large_balanced,18,instance_018.json
MMR_Modified,250,250,1411.5801110148655,0.4407286001369357,5,improvement_pct=0.2058,large_balanced,18,instance_018.json
GA_Original,250,250,2156.923796343037,60.00363690010272,2154,,large_balanced,18,instance_018.json
GA_Modified,250,250,1414.1754313041597,60.01730789989233,2508,improvement_pct=0.0223,large_balanced,18,instance_018.json
MMR_Original,250,250,1503.8827132397394,0.2274567000567913,250,,large_balanced,19,instance_019.json
MMR_Modified,250,250,1500.8477924073713,0.43539480003528297,5,improvement_pct=0.2018,large_balanced,19,instance_019.json
GA_Original,250,250,2372.8772166337753,60.017260200111195,2154,,large_balanced,19,instance_019.json
GA_Modified,250,250,1502.2588563076931,60.00140210008249,2510,improvement_pct=0.1080,large_balanced,19,instance_019.json
MMR_Original,250,250,1448.0660348824356,0.22569360001944005,250,,large_balanced,20,instance_020.json
MMR_Modified,250,250,1445.5584062778448,0.4298481000587344,5,improvement_pct=0.1732,large_balanced,20,instance_020.json
GA_Original,250,250,2219.5932876722927,60.01635010004975,2155,,large_balanced,20,instance_020.json
GA_Modified,250,250,1446.930617205144,60.012867900077254,2518,improvement_pct=0.0784,large_balanced,20,instance_020.json
MMR_Original,125,250,5265.745695547129,0.05791339999996126,125,,large_scarce,1,instance_001.json
MMR_Modified,125,250,5257.981301903255,0.1088066000957042,4,improvement_pct=0.1475,large_scarce,1,instance_001.json
GA_Original,125,250,5890.812522754676,60.00953079992905,3700,,large_scarce,1,instance_001.json
GA_Modified,125,250,5258.881777816233,60.01287250011228,3815,improvement_pct=0.1304,large_scarce,1,instance_001.json
MMR_Original,125,250,5110.91137760377,0.05716510000638664,125,,large_scarce,2,instance_002.json
MMR_Modified,125,250,5105.000022238625,0.11492830002680421,4,improvement_pct=0.1157,large_scarce,2,instance_002.json
GA_Original,125,250,5887.999277949936,60.0124657000415,3699,,large_scarce,2,instance_002.json
GA_Modified,125,250,5110.91137760377,60.01492720004171,3817,improvement_pct=0.0000,large_scarce,2,instance_002.json
MMR_Original,125,250,5049.75152618084,0.055947700049728155,125,,large_scarce,3,instance_003.json
MMR_Modified,125,250,5041.251962442224,0.11095250002108514,4,improvement_pct=0.1683,large_scarce,3,instance_003.json
GA_Original,125,250,5796.781338480413,60.01292550005019,3700,,large_scarce,3,instance_003.json
GA_Modified,125,250,5049.75152618084,60.00790619989857,3813,improvement_pct=0.0000,large_scarce,3,instance_003.json
MMR_Original,125,250,5027.768724301652,0.056471899850293994,125,,large_scarce,4,instance_004.json
MMR_Modified,125,250,5025.240896141505,0.11308120004832745,4,improvement_pct=0.0503,large_scarce,4,instance_004.json
GA_Original,125,250,5879.410038322314,60.00220530014485,3694,,large_scarce,4,instance_004.json
GA_Modified,125,250,5027.768724301652,60.001744700130075,3806,improvement_pct=0.0000,large_scarce,4,instance_004.json
MMR_Original,125,250,5744.883879836895,0.057250999845564365,125,,large_scarce,5,instance_005.json
MMR_Modified,125,250,5735.330260175054,0.1140684001147747,4,improvement_pct=0.1663,large_scarce,5,instance_005.json
GA_Original,125,250,6379.400464052833,60.011139600072056,3707,,large_scarce,5,instance_005.json
GA_Modified,125,250,5744.883879836895,60.002243199851364,3820,improvement_pct=0.0000,large_scarce,5,instance_005.json
MMR_Original,125,250,5474.681050039236,0.0576195998582989,125,,large_scarce,6,instance_006.json
MMR_Modified,125,250,5466.167654856913,0.1135748999658972,4,improvement_pct=0.1555,large_scarce,6,instance_006.json
GA_Original,125,250,6421.06558328867,60.01174630015157,3696,,large_scarce,6,instance_006.json
GA_Modified,125,250,5473.177921461086,60.008298199856654,3803,improvement_pct=0.0275,large_scarce,6,instance_006.json
MMR_Original,125,250,5063.398003050846,0.056589300045743585,125,,large_scarce,7,instance_007.json
MMR_Modified,125,250,5059.185879280391,0.1139479000121355,4,improvement_pct=0.0832,large_scarce,7,instance_007.json
GA_Original,125,250,5762.43690056623,60.00990830012597,3690,,large_scarce,7,instance_007.json
GA_Modified,125,250,5063.398003050846,60.01580690010451,3805,improvement_pct=0.0000,large_scarce,7,instance_007.json
MMR_Original,125,250,5118.332846471128,0.0558595999609679,125,,large_scarce,8,instance_008.json
MMR_Modified,125,250,5113.256829193871,0.11439109989441931,4,improvement_pct=0.0992,large_scarce,8,instance_008.json
GA_Original,125,250,5799.109790933025,60.009944499935955,3699,,large_scarce,8,instance_008.json
GA_Modified,125,250,5118.332846471128,60.00960469990969,3816,improvement_pct=0.0000,large_scarce,8,instance_008.json
MMR_Original,125,250,5441.611734817258,0.057159699965268373,125,,large_scarce,9,instance_009.json
MMR_Modified,125,250,5435.0278646651095,0.11326710018329322,4,improvement_pct=0.1210,large_scarce,9,instance_009.json
GA_Original,125,250,6144.457331394439,60.00937550002709,3700,,large_scarce,9,instance_009.json
GA_Modified,125,250,5441.611734817258,60.005375399952754,3795,improvement_pct=0.0000,large_scarce,9,instance_009.json
MMR_Original,125,250,4826.735446450751,0.05710179987363517,125,,large_scarce,10,instance_010.json
MMR_Modified,125,250,4822.702524191658,0.1103995000012219,4,improvement_pct=0.0836,large_scarce,10,instance_010.json
GA_Original,125,250,5464.509060366683,60.00271390005946,3687,,large_scarce,10,instance_010.json
GA_Modified,125,250,4826.735446450751,60.011455099796876,3812,improvement_pct=0.0000,large_scarce,10,instance_010.json
MMR_Original,125,250,4947.953400705853,0.05589519999921322,125,,large_scarce,11,instance_011.json
MMR_Modified,125,250,4941.99428086189,0.11309350002557039,4,improvement_pct=0.1204,large_scarce,11,instance_011.json
GA_Original,125,250,5632.068840787545,60.01413469994441,3699,,large_scarce,11,instance_011.json
GA_Modified,125,250,4947.953400705853,60.007010699948296,3808,improvement_pct=0.0000,large_scarce,11,instance_011.json
MMR_Original,125,250,5214.4092137733505,0.0577825999353081,125,,large_scarce,12,instance_012.json
MMR_Modified,125,250,5207.641578795602,0.11163130006752908,4,improvement_pct=0.1298,large_scarce,12,instance_012.json
GA_Original,125,250,5945.861886656429,60.00182339991443,3694,,large_scarce,12,instance_012.json
GA_Modified,125,250,5214.4092137733505,60.00370519980788,3800,improvement_pct=0.0000,large_scarce,12,instance_012.json
MMR_Original,125,250,4779.884793849194,0.057061699917539954,125,,large_scarce,13,instance_013.json
MMR_Modified,125,250,4777.737785553155,0.11679600016213953,4,improvement_pct=0.0449,large_scarce,13,instance_013.json
GA_Original,125,250,5507.747888479209,60.00480530015193,3692,,large_scarce,13,instance_013.json
GA_Modified,125,250,4779.884793849194,60.00918829999864,3800,improvement_pct=0.0000,large_scarce,13,instance_013.json
MMR_Original,125,250,5293.477549277136,0.05794330011121929,125,,large_scarce,14,instance_014.json
MMR_Modified,125,250,5289.833223339496,0.11300139990635216,4,improvement_pct=0.0688,large_scarce,14,instance_014.json
GA_Original,125,250,5939.831738775394,60.00043509993702,3692,,large_scarce,14,instance_014.json
GA_Modified,125,250,5293.477549277136,60.0081487998832,3805,improvement_pct=0.0000,large_scarce,14,instance_014.json
MMR_Original,125,250,4909.806053728131,0.056186100002378225,125,,large_scarce,15,instance_015.json
MMR_Modified,125,250,4904.782161248689,0.11050820001401007,4,improvement_pct=0.1023,large_scarce,15,instance_015.json
GA_Original,125,250,5632.530572795632,60.01071300008334,3703,,large_scarce,15,instance_015.json
GA_Modified,125,250,4909.806053728131,60.00331519986503,3810,improvement_pct=0.0000,large_scarce,15,instance_015.json
MMR_Original,125,250,5132.800222044647,0.056568200001493096,125,,large_scarce,16,instance_016.json
MMR_Modified,125,250,5130.466405780453,0.11548089981079102,4,improvement_pct=0.0455,large_scarce,16,instance_016.json
GA_Original,125,250,5905.748744364516,60.00957640004344,3694,,large_scarce,16,instance_016.json
GA_Modified,125,250,5132.800222044647,60.0000889999792,3810,improvement_pct=0.0000,large_scarce,16,instance_016.json
MMR_Original,125,250,5309.934510960491,0.06474080006591976,125,,large_scarce,17,instance_017.json
MMR_Modified,125,250,5308.630119531454,0.11797450017184019,4,improvement_pct=0.0246,large_scarce,17,instance_017.json
GA_Original,125,250,6083.771582214695,60.01163460011594,3700,,large_scarce,17,instance_017.json
GA_Modified,125,250,5309.934510960491,60.002462999895215,3823,improvement_pct=0.0000,large_scarce,17,instance_017.json
MMR_Original,125,250,5148.413505427844,0.05750420014373958,125,,large_scarce,18,instance_018.json
MMR_Modified,125,250,5145.555599851502,0.11400930001400411,4,improvement_pct=0.0555,large_scarce,18,instance_018.json
GA_Original,125,250,5827.041520566243,60.00507649988867,3697,,large_scarce,18,instance_018.json
GA_Modified,125,250,5148.413505427844,60.01166590000503,3808,improvement_pct=0.0000,large_scarce,18,instance_018.json
MMR_Original,125,250,5417.017326335275,0.06475050002336502,125,,large_scarce,19,instance_019.json
MMR_Modified,125,250,5411.959617217748,0.11364590004086494,4,improvement_pct=0.0934,large_scarce,19,instance_019.json
GA_Original,125,250,6058.786956987041,60.00207079993561,3691,,large_scarce,19,instance_019.json
GA_Modified,125,250,5417.017326335275,60.01488449983299,3804,improvement_pct=0.0000,large_scarce,19,instance_019.json
MMR_Original,125,250,5109.440093753699,0.058008800027891994,125,,large_scarce,20,instance_020.json
MMR_Modified,125,250,5093.891353159607,0.1153970998711884,4,improvement_pct=0.3043,large_scarce,20,instance_020.json
GA_Original,125,250,5786.985280527757,60.007410700200126,3692,,large_scarce,20,instance_020.json
GA_Modified,125,250,5109.440093753699,60.0061149999965,3807,improvement_pct=0.0000,large_scarce,20,instance_020.json
MMR_Original,375,250,509.7373447270042,0.5125980000011623,375,,large_rich,1,instance_001.json
MMR_Modified,375,250,509.2436280893841,0.9154115000274032,4,improvement_pct=0.0969,large_rich,1,instance_001.json
GA_Original,375,250,1084.3139063921863,60.02606700011529,1002,,large_rich,1,instance_001.json
GA_Modified,375,250,509.7373447270042,60.018792800139636,1231,improvement_pct=0.0000,large_rich,1,instance_001.json
MMR_Original,375,250,552.8173313478334,0.506319799926132,375,,large_rich,2,instance_002.json
MMR_Modified,375,250,552.0851815119928,0.9026995000895113,4,improvement_pct=0.1324,large_rich,2,instance_002.json
GA_Original,375,250,1159.9426609208228,60.01036569988355,999,,large_rich,2,instance_002.json
GA_Modified,375,250,552.8173313478334,60.001587899867445,1229,improvement_pct=0.0000,large_rich,2,instance_002.json
MMR_Original,375,250,571.196044689947,0.5110927000641823,375,,large_rich,3,instance_003.json
MMR_Modified,375,250,570.012814042162,0.9669455999974161,5,improvement_pct=0.2071,large_rich,3,instance_003.json
GA_Original,375,250,1102.1137802769276,60.053516200045124,1003,,large_rich,3,instance_003.json
GA_Modified,375,250,570.4241339365442,60.00315589993261,1233,improvement_pct=0.1351,large_rich,3,instance_003.json
MMR_Original,375,250,561.1459475168373,0.508708099834621,375,,large_rich,4,instance_004.json
MMR_Modified,375,250,560.6876616368407,0.9185659000650048,4,improvement_pct=0.0817,large_rich,4,instance_004.json
GA_Original,375,250,1214.4944379529938,60.00067529990338,1003,,large_rich,4,instance_004.json
GA_Modified,375,250,561.1459475168373,60.04601249983534,1234,improvement_pct=0.0000,large_rich,4,instance_004.json
MMR_Original,375,250,573.8247481978541,0.5103768999688327,375,,large_rich,5,instance_005.json
MMR_Modified,375,250,573.5580150521862,0.9018891998566687,4,improvement_pct=0.0465,large_rich,5,instance_005.json
GA_Original,375,250,1161.288980689698,60.05090770008974,1002,,large_rich,5,instance_005.json
GA_Modified,375,250,573.8247481978541,60.01593289989978,1232,improvement_pct=0.0000,large_rich,5,instance_005.json
MMR_Original,375,250,538.1712472077177,0.5117978001944721,375,,large_rich,6,instance_006.json
MMR_Modified,375,250,537.9979630747113,0.910965999821201,4,improvement_pct=0.0322,large_rich,6,instance_006.json
GA_Original,375,250,1095.1721445810215,60.03788259997964,1001,,large_rich,6,instance_006.json
GA_Modified,375,250,538.1712472077177,60.02117750002071,1233,improvement_pct=0.0000,large_rich,6,instance_006.json
MMR_Original,375,250,548.725316445465,0.5094276000745595,375,,large_rich,7,instance_007.json
MMR_Modified,375,250,548.3158784061204,0.9046040000393987,4,improvement_pct=0.0746,large_rich,7,instance_007.json
GA_Original,375,250,1208.5371226417817,60.040243099909276,1001,,large_rich,7,instance_007.json
GA_Modified,375,250,548.725316445465,60.00191590003669,1232,improvement_pct=0.0000,large_rich,7,instance_007.json
MMR_Original,375,250,494.64233345957746,0.5085919999983162,375,,large_rich,8,instance_008.json
MMR_Modified,375,250,493.32600346353104,0.9053164999932051,4,improvement_pct=0.2661,large_rich,8,instance_008.json
GA_Original,375,250,1067.2391891877526,60.02825119998306,996,,large_rich,8,instance_008.json
GA_Modified,375,250,494.64233345957746,60.02169160009362,1224,improvement_pct=0.0000,large_rich,8,instance_008.json
MMR_Original,375,250,550.2180785426126,0.5110660998616368,375,,large_rich,9,instance_009.json
MMR_Modified,375,250,548.6463007818877,0.982431200100109,6,improvement_pct=0.2857,large_rich,9,instance_009.json
GA_Original,375,250,1089.5154672960416,60.02453669998795,1001,,large_rich,9,instance_009.json
GA_Modified,375,250,549.8084042313005,60.00163529999554,1233,improvement_pct=0.0745,large_rich,9,instance_009.json
MMR_Original,375,250,545.5062455110112,0.5062917999457568,375,,large_rich,10,instance_010.json
MMR_Modified,375,250,544.9185594462189,0.9522061001043767,5,improvement_pct=0.1077,large_rich,10,instance_010.json
GA_Original,375,250,1101.9983145892015,60.039921100018546,1002,,large_rich,10,instance_010.json
GA_Modified,375,250,545.4809608816927,60.00269930018112,1230,improvement_pct=0.0046,large_rich,10,instance_010.json
MMR_Original,375,250,555.720114596207,0.5194864000659436,375,,large_rich,11,instance_011.json
MMR_Modified,375,250,555.1882890484627,0.9141529998742044,4,improvement_pct=0.0957,large_rich,11,instance_011.json
GA_Original,375,250,1183.8519231890305,60.023601199965924,1001,,large_rich,11,instance_011.json
GA_Modified,375,250,555.720114596207,60.020995900034904,1231,improvement_pct=0.0000,large_rich,11,instance_011.json
MMR_Original,375,250,510.31681341445176,0.5099009000696242,375,,large_rich,12,instance_012.json
MMR_Modified,375,250,509.06608652261065,0.9467085998039693,5,improvement_pct=0.2451,large_rich,12,instance_012.json
GA_Original,375,250,1063.9740270183886,60.024044200079516,1001,,large_rich,12,instance_012.json
GA_Modified,375,250,509.81378033250076,60.04095280007459,1229,improvement_pct=0.0986,large_rich,12,instance_012.json
MMR_Original,375,250,606.0073978216412,0.5098888999782503,375,,large_rich,13,instance_013.json
MMR_Modified,375,250,605.6115938155259,0.9546547001227736,5,improvement_pct=0.0653,large_rich,13,instance_013.json
GA_Original,375,250,1226.1365245602885,60.018828000174835,1003,,large_rich,13,instance_013.json
GA_Modified,375,250,605.9675542248591,60.02301549981348,1228,improvement_pct=0.0066,large_rich,13,instance_013.json
MMR_Original,375,250,556.3740057372678,0.5125961999874562,375,,large_rich,14,instance_014.json
MMR_Modified,375,250,556.0782878732525,1.0275448998436332,6,improvement_pct=0.0532,large_rich,14,instance_014.json
GA_Original,375,250,1059.4465515547681,60.02838180004619,999,,large_rich,14,instance_014.json
GA_Modified,375,250,556.2004098143822,60.02047299989499,1228,improvement_pct=0.0312,large_rich,14,instance_014.json
MMR_Original,375,250,554.6043010744111,0.5070744000840932,375,,large_rich,15,instance_015.json
MMR_Modified,375,250,553.4823926790081,0.9443822999019176,5,improvement_pct=0.2023,large_rich,15,instance_015.json
GA_Original,375,250,1179.9852367471276,60.02758210012689,1000,,large_rich,15,instance_015.json
GA_Modified,375,250,553.9781815663264,60.035703300032765,1230,improvement_pct=0.1129,large_rich,15,instance_015.json
MMR_Original,375,250,549.3758626308525,0.5117238000966609,375,,large_rich,16,instance_016.json
MMR_Modified,375,250,547.3422471072942,0.9035823000594974,4,improvement_pct=0.3702,large_rich,16,instance_016.json
GA_Original,375,250,1151.9333230157247,60.0334409000352,1001,,large_rich,16,instance_016.json
GA_Modified,375,250,549.3758626308525,60.00633880007081,1227,improvement_pct=0.0000,large_rich,16,instance_016.json
MMR_Original,375,250,523.3961637993973,0.507988000055775,375,,large_rich,17,instance_017.json
MMR_Modified,375,250,523.2414620422484,0.9144619998987764,4,improvement_pct=0.0296,large_rich,17,instance_017.json
GA_Original,375,250,1081.8637286149492,60.00110300001688,1001,,large_rich,17,instance_017.json
GA_Modified,375,250,523.3961637993973,60.03201000019908,1230,improvement_pct=0.0000,large_rich,17,instance_017.json
MMR_Original,375,250,530.3103312194821,0.5088198001030833,375,,large_rich,18,instance_018.json
MMR_Modified,375,250,529.1219290455293,0.9451896999962628,5,improvement_pct=0.2241,large_rich,18,instance_018.json
GA_Original,375,250,1060.3998552137898,60.0214260998182,1001,,large_rich,18,instance_018.json
GA_Modified,375,250,529.709014152237,60.02124230004847,1232,improvement_pct=0.1134,large_rich,18,instance_018.json
MMR_Original,375,250,596.648525731484,0.5089392000809312,375,,large_rich,19,instance_019.json
MMR_Modified,375,250,595.6355612315609,0.9711011999752373,5,improvement_pct=0.1698,large_rich,19,instance_019.json
GA_Original,375,250,1212.3878454643793,60.017090199980885,999,,large_rich,19,instance_019.json
GA_Modified,375,250,595.8609113221816,60.035487100016326,1231,improvement_pct=0.1320,large_rich,19,instance_019.json
MMR_Original,375,250,558.4947976817198,0.5101996001321822,375,,large_rich,20,instance_020.json
MMR_Modified,375,250,557.8749950265507,0.9144466000143439,4,improvement_pct=0.1110,large_rich,20,instance_020.json
GA_Original,375,250,1171.0483157813585,60.01403189986013,999,,large_rich,20,instance_020.json
GA_Modified,375,250,558.4947976817198,60.0249737999402,1229,improvement_pct=0.0000,large_rich,20,instance_020.json
